"","ID","Start_Year","End_Year","Length","R_Linear","R_Quar","R_Exponen","Correlation","pvalue"
"1"," "," "," "," "," "," "," "," "," "
"2","1002300","1993","2016","24","0.1976","0.1881","0.1976","0.444","0.0295"
"3"," "," "," "," "," "," "," "," "," "
"4","1003300","1992","2016","25","0.1862","0.173","0.1862","0.432","0.0312"
"5"," "," "," "," "," "," "," "," "," "
"6","1003400","1999","2016","18","0.1708","0.5637","0.1708","0.413","0.0882"
"7"," "," "," "," "," "," "," "," "," "
"8","1004500","1993","2016","24","0.1076","0.1471","0.1076","0.328","0.1176"
"9"," "," "," "," "," "," "," "," "," "
"10","1005700","2000","2016","17","0.3208","0.3608","0.3208","0.566","0.0178"
"11"," "," "," "," "," "," "," "," "," "
"12","1007700","1993","2016","24","0.1969","0.3282","0.197","0.444","0.0298"
"13"," "," "," "," "," "," "," "," "," "
"14","1008700","1995","2016","22","0.1659","0.1978","0.1658","0.407","0.0599"
"15"," "," "," "," "," "," "," "," "," "
"16","1009100","2001","2016","16","0.0983","0.0916","0.0983","0.313","0.2371"
"17"," "," "," "," "," "," "," "," "," "
"18","1009300","1995","2016","22","0.0223","0.0645","0.0223","0.149","0.5068"
"19"," "," "," "," "," "," "," "," "," "
"20","1009600","1993","2016","24","0.1185","0.1016","0.1186","0.344","0.0995"
"21"," "," "," "," "," "," "," "," "," "
"22","1010100","1993","2016","24","0.0871","0.0817","0.0871","0.295","0.1615"
"23"," "," "," "," "," "," "," "," "," "
"24","1010200","1997","2016","20","0.025","0.0287","0.025","0.158","0.5054"
"25"," "," "," "," "," "," "," "," "," "
"26","1010500","1991","2016","26","0.0235","0.052","0.0235","0.153","0.4545"
"27"," "," "," "," "," "," "," "," "," "
"28","1012300","1994","2016","23","0.087","0.09","0.087","0.295","0.172"
"29"," "," "," "," "," "," "," "," "," "
"30","1012500","1992","2016","25","0.0025","0.3081","0.0025","0.05","0.8113"
"31"," "," "," "," "," "," "," "," "," "
"32","1013600","1991","2016","26","0.1091","0.0917","0.1091","0.33","0.0994"
"33"," "," "," "," "," "," "," "," "," "
"34","1015900","1990","2016","27","0.0787","0.1595","0.0787","0.281","0.1564"
"35"," "," "," "," "," "," "," "," "," "
"36","1017000","1998","2016","19","0.0099","0.1677","0.0099","0.099","0.6853"
"37"," "," "," "," "," "," "," "," "," "
"38","1017800","1991","2016","26","0.091","0.0945","0.091","0.302","0.1341"
"39"," "," "," "," "," "," "," "," "," "
"40","1020400","1991","2003","13","0.1747","0.1881","0.1747","0.418","0.1552"
"41"," "," "," "," "," "," "," "," "," "
"42","1020900","1992","2016","25","0.0756","0.0744","0.0756","0.275","0.1836"
"43"," "," "," "," "," "," "," "," "," "
"44","2000900","1990","2016","27","0.1373","0.1432","0.1373","0.37","0.0571"
"45"," "," "," "," "," "," "," "," "," "
"46","2001500","1992","2016","25","0.0441","0.0785","0.0441","0.21","0.3137"
"47"," "," "," "," "," "," "," "," "," "
"48","2001600","1990","2016","27","0.0823","0.1728","0.0823","0.287","0.1468"
"49"," "," "," "," "," "," "," "," "," "
"50","2002600","1990","2016","27","0.0303","0.0403","0.0303","0.174","0.3851"
"51"," "," "," "," "," "," "," "," "," "
"52","2003400","1990","2015","26","0.1912","0.2551","0.1912","0.437","0.0255"
"53"," "," "," "," "," "," "," "," "," "
"54","2003500","1990","2016","27","0.0115","0.1189","0.0115","0.107","0.5943"
"55"," "," "," "," "," "," "," "," "," "
"56","2003600","1994","2016","23","0.0414","0.1646","0.0414","0.203","0.3518"
"57"," "," "," "," "," "," "," "," "," "
"58","2004200","1990","2016","27","0.0374","0.1528","0.0373","0.193","0.3341"
"59"," "," "," "," "," "," "," "," "," "
"60","2004500","1990","2016","27","0.2529","0.2412","0.2529","0.503","0.0075"
"61"," "," "," "," "," "," "," "," "," "
"62","2005200","1990","2016","27","0.0231","0.0488","0.0231","0.152","0.4493"
"63"," "," "," "," "," "," "," "," "," "
"64","2005300","1990","2016","27","0.0347","0.0524","0.0347","0.186","0.3525"
"65"," "," "," "," "," "," "," "," "," "
"66","2007200","1992","2016","25","0.0342","0.1707","0.0342","0.185","0.3759"
"67"," "," "," "," "," "," "," "," "," "
"68","2007500","1990","2016","27","0.2581","0.2504","0.2581","0.508","0.0068"
"69"," "," "," "," "," "," "," "," "," "
"70","2008000","1992","2016","25","0.0481","0.0729","0.0482","0.219","0.2921"
"71"," "," "," "," "," "," "," "," "," "
"72","2008400","1990","2016","27","0.0132","0.0216","0.0132","0.115","0.5676"
"73"," "," "," "," "," "," "," "," "," "
"74","2008900","1990","2016","27","0.0191","0.1712","0.0192","0.138","0.4914"
"75"," "," "," "," "," "," "," "," "," "
"76","2011000","1990","2016","27","0.0031","0.2056","0.0031","0.056","0.7821"
"77"," "," "," "," "," "," "," "," "," "
"78","2013300","2001","2016","16","0.0034","0.0146","0.0034","0.058","0.83"
"79"," "," "," "," "," "," "," "," "," "
"80","3001700","1991","2016","26","0.0226","0.0228","0.0227","0.15","0.463"
"81"," "," "," "," "," "," "," "," "," "
"82","3008500","1990","2016","27","0.3325","0.7423","0.3324","0.577","0.0016"
"83"," "," "," "," "," "," "," "," "," "
"84","3010700","1992","2016","25","0.0206","0.0404","0.0206","0.143","0.4941"
"85"," "," "," "," "," "," "," "," "," "
"86","3013600","1993","2016","24","0.1923","0.2517","0.1923","0.439","0.0321"
"87"," "," "," "," "," "," "," "," "," "
"88","3015300","1995","2016","22","0.0717","0.0705","0.0716","0.268","0.2284"
"89"," "," "," "," "," "," "," "," "," "
"90","3015500","1990","2016","27","0.077","0.0557","0.077","0.278","0.161"
"91"," "," "," "," "," "," "," "," "," "
"92","3018900","1991","2006","16","0.1081","0.1136","0.1081","0.329","0.2137"
"93"," "," "," "," "," "," "," "," "," "
"94","3019500","1990","2016","27","0.2081","0.1888","0.2082","0.456","0.0168"
"95"," "," "," "," "," "," "," "," "," "
"96","3023400","1992","2016","25","0.0017","0.0135","0.0017","-0.041","0.844"
"97"," "," "," "," "," "," "," "," "," "
"98","3028600","1990","2016","27","0.0377","0.1443","0.0377","0.194","0.3316"
"99"," "," "," "," "," "," "," "," "," "
"100","3028700","1992","2016","25","0.017","0.2278","0.017","0.131","0.5341"
"101"," "," "," "," "," "," "," "," "," "
"102","3029300","1995","2016","22","0.0444","0.2934","0.0444","0.211","0.3465"
"103"," "," "," "," "," "," "," "," "," "
"104","3030400","1993","2016","24","0.0107","0.1999","0.0108","0.104","0.63"
"105"," "," "," "," "," "," "," "," "," "
"106","3032800","1992","2016","25","0.3379","0.3673","0.3378","0.581","0.0023"
"107"," "," "," "," "," "," "," "," "," "
"108","3035000","1992","2016","25","0.046","0.06","0.046","0.214","0.3033"
"109"," "," "," "," "," "," "," "," "," "
"110","3035800","1992","2016","25","0.0205","0.0276","0.0205","0.143","0.4947"
"111"," "," "," "," "," "," "," "," "," "
"112","3035900","1990","2016","27","0.1295","0.1344","0.1295","0.36","0.0653"
"113"," "," "," "," "," "," "," "," "," "
"114","3036000","1990","2016","27","0.1174","0.1541","0.1174","0.343","0.0802"
"115"," "," "," "," "," "," "," "," "," "
"116","3038100","1992","2016","25","0.157","0.1667","0.157","0.396","0.0499"
"117"," "," "," "," "," "," "," "," "," "
"118","3038300","1992","2016","25","0.0199","0.0841","0.0199","0.141","0.5008"
"119"," "," "," "," "," "," "," "," "," "
"120","3038600","1993","2016","24","0.1554","0.1307","0.1554","0.394","0.0566"
"121"," "," "," "," "," "," "," "," "," "
"122","3047500","1995","2016","22","0.0615","0.098","0.0615","0.248","0.2657"
"123"," "," "," "," "," "," "," "," "," "
"124","3048600","1996","2016","21","0.0232","0.0434","0.0232","0.152","0.5099"
"125"," "," "," "," "," "," "," "," "," "
"126","3050300","1991","2016","26","0.1191","0.1258","0.1191","0.345","0.0843"
"127"," "," "," "," "," "," "," "," "," "
"128","3050600","1999","2016","18","0.0295","0.233","0.0295","0.172","0.4956"
"129"," "," "," "," "," "," "," "," "," "
"130","3057600","1990","2016","27","0.0792","0.4976","0.0791","0.281","0.1551"
"131"," "," "," "," "," "," "," "," "," "
"132","3058200","1990","2016","27","0.0554","0.4359","0.0555","0.235","0.2371"
"133"," "," "," "," "," "," "," "," "," "
"134","3058800","1990","2016","27","0.0983","0.101","0.0983","0.314","0.1113"
"135"," "," "," "," "," "," "," "," "," "
"136","3060200","1992","2016","25","0.0215","0.342","0.0215","0.146","0.4847"
"137"," "," "," "," "," "," "," "," "," "
"138","3061900","1992","2016","25","0.0103","0.9246","0.0103","0.101","0.6295"
"139"," "," "," "," "," "," "," "," "," "
"140","3065700","1992","2016","25","0.0343","0.5199","0.0343","0.185","0.3756"
"141"," "," "," "," "," "," "," "," "," "
"142","4003200","1997","2016","20","0.3586","0.3859","0.3586","0.599","0.0053"
"143"," "," "," "," "," "," "," "," "," "
"144","4004900","1998","2016","19","0.0622","0.0855","0.0622","0.249","0.303"
"145"," "," "," "," "," "," "," "," "," "
"146","4007600","1995","2007","13","0.0699","0.0707","0.0699","0.264","0.3826"
"147"," "," "," "," "," "," "," "," "," "
"148","4007900","1999","2016","18","0.0382","0.0408","0.0382","0.196","0.4369"
"149"," "," "," "," "," "," "," "," "," "
"150","4011100","1990","2016","27","0.2063","0.2161","0.2063","0.454","0.0173"
"151"," "," "," "," "," "," "," "," "," "
"152","4013500","2000","2016","17","0.0424","0.1473","0.0424","0.206","0.4276"
"153"," "," "," "," "," "," "," "," "," "
"154","4015200","1999","2016","18","0.0182","0.0301","0.0182","0.135","0.5935"
"155"," "," "," "," "," "," "," "," "," "
"156","4015500","2000","2016","17","5e-04","0.0291","5e-04","0.023","0.9291"
"157"," "," "," "," "," "," "," "," "," "
"158","4015900","1997","2016","20","0.1461","0.1744","0.1461","0.382","0.0962"
"159"," "," "," "," "," "," "," "," "," "
"160","4019600","2000","2016","17","0.0301","0.0455","0.0301","-0.173","0.5057"
"161"," "," "," "," "," "," "," "," "," "
"162","4023000","2000","2016","17","0.0094","0.0341","0.0094","-0.097","0.7106"
"163"," "," "," "," "," "," "," "," "," "
"164","5001300","1997","2016","20","9e-04","0.1028","9e-04","-0.031","0.8982"
"165"," "," "," "," "," "," "," "," "," "
"166","6013800","1993","2016","24","0.0024","9e-04","0.0024","0.049","0.8194"
"167"," "," "," "," "," "," "," "," "," "
"168","7004400","1990","2006","17","0.0037","0.8244","0.0037","-0.06","0.8177"
"169"," "," "," "," "," "," "," "," "," "
"170","7005300","1991","2016","26","0.1222","0.1256","0.1223","0.35","0.08"
"171"," "," "," "," "," "," "," "," "," "
"172","8001800","1991","2016","26","0.062","0.2552","0.0621","0.249","0.2198"
"173"," "," "," "," "," "," "," "," "," "
"174","8004500","1990","2016","27","0.0533","0.234","0.0532","0.231","0.2466"
"175"," "," "," "," "," "," "," "," "," "
"176","9000800","1990","2016","27","0.0403","0.4331","0.0403","0.201","0.3154"
"177"," "," "," "," "," "," "," "," "," "
"178","9001000","1998","2016","19","0.0709","0.6509","0.0709","0.266","0.2706"
"179"," "," "," "," "," "," "," "," "," "
"180","9002900","1991","2016","26","0.2441","0.3174","0.2441","0.494","0.0103"
"181"," "," "," "," "," "," "," "," "," "
"182","9003200","1992","2016","25","0.015","0.0159","0.015","0.123","0.5595"
"183"," "," "," "," "," "," "," "," "," "
"184","9003400","1997","2016","20","0.0977","0.1012","0.0978","0.313","0.1798"
"185"," "," "," "," "," "," "," "," "," "
"186","9003900","1994","2016","23","0.3104","0.364","0.3104","0.557","0.0058"
"187"," "," "," "," "," "," "," "," "," "
"188","9005700","1993","2016","24","0.2601","0.2628","0.2601","0.51","0.0109"
"189"," "," "," "," "," "," "," "," "," "
"190","10000200","1990","2016","27","0.1208","0.1815","0.1207","0.348","0.0756"
"191"," "," "," "," "," "," "," "," "," "
"192","10000600","1990","2016","27","0.1725","0.1716","0.1725","0.415","0.0312"
"193"," "," "," "," "," "," "," "," "," "
"194","10000900","1990","2016","27","0.2634","0.314","0.2633","0.513","0.0062"
"195"," "," "," "," "," "," "," "," "," "
"196","10001000","1998","2016","19","0.1538","0.2622","0.1537","0.392","0.0968"
"197"," "," "," "," "," "," "," "," "," "
"198","10001100","1998","2016","19","0.046","0.0764","0.0459","0.214","0.3781"
"199"," "," "," "," "," "," "," "," "," "
"200","10001400","1999","2016","18","0.3207","0.2977","0.3207","0.566","0.0143"
"201"," "," "," "," "," "," "," "," "," "
"202","10001500","1998","2016","19","0.0845","0.1775","0.0845","0.291","0.2272"
"203"," "," "," "," "," "," "," "," "," "
"204","10001900","1998","2016","19","0.0216","0.0759","0.0216","0.147","0.548"
"205"," "," "," "," "," "," "," "," "," "
"206","10002900","1998","2016","19","0.2218","0.4328","0.2218","0.471","0.0418"
"207"," "," "," "," "," "," "," "," "," "
"208","10004100","1990","2016","27","4e-04","0.288","3e-04","0.019","0.9254"
"209"," "," "," "," "," "," "," "," "," "
"210","10004200","2000","2016","17","0.1761","0.1968","0.1761","0.42","0.0936"
"211"," "," "," "," "," "," "," "," "," "
"212","10004600","1998","2016","19","0.1166","0.1885","0.1166","0.341","0.1525"
"213"," "," "," "," "," "," "," "," "," "
"214","10004700","1998","2016","19","0.029","0.0714","0.029","0.17","0.4859"
"215"," "," "," "," "," "," "," "," "," "
"216","10004800","1998","2016","19","0.099","0.2871","0.099","0.315","0.1896"
"217"," "," "," "," "," "," "," "," "," "
"218","10005200","1998","2016","19","0.0665","0.1086","0.0665","0.258","0.2866"
"219"," "," "," "," "," "," "," "," "," "
"220","10005600","1998","2016","19","0.193","0.2878","0.1929","0.439","0.0599"
"221"," "," "," "," "," "," "," "," "," "
"222","10005800","1998","2016","19","0.0409","0.2381","0.0409","-0.202","0.4065"
"223"," "," "," "," "," "," "," "," "," "
"224","10005900","1990","2016","27","0.0015","0.343","0.0015","-0.039","0.8476"
"225"," "," "," "," "," "," "," "," "," "
"226","10006900","1998","2016","19","0.1425","0.2848","0.1425","0.377","0.1111"
"227"," "," "," "," "," "," "," "," "," "
"228","10007000","1998","2016","19","0.2417","0.2661","0.2417","0.492","0.0325"
"229"," "," "," "," "," "," "," "," "," "
"230","10008400","1998","2016","19","2e-04","0.0337","2e-04","0.013","0.9583"
"231"," "," "," "," "," "," "," "," "," "
"232","10008800","1998","2016","19","0.216","0.2355","0.2159","0.465","0.045"
"233"," "," "," "," "," "," "," "," "," "
"234","10008900","1998","2016","19","0.2312","0.3238","0.2311","0.481","0.0372"
"235"," "," "," "," "," "," "," "," "," "
"236","10009300","1993","2016","24","0.1514","0.1789","0.1513","0.389","0.0602"
"237"," "," "," "," "," "," "," "," "," "
"238","10009500","1996","2016","21","7e-04","0.2161","7e-04","-0.026","0.9124"
"239"," "," "," "," "," "," "," "," "," "
"240","10010800","1998","2016","19","0.0375","0.1095","0.0375","0.194","0.4271"
"241"," "," "," "," "," "," "," "," "," "
"242","10012100","1998","2016","19","2e-04","0.248","2e-04","-0.014","0.9545"
"243"," "," "," "," "," "," "," "," "," "
"244","10021800","1999","2016","18","0.1059","0.1909","0.1059","0.325","0.1877"
"245"," "," "," "," "," "," "," "," "," "
"246","10022500","1999","2016","18","8e-04","0.0291","8e-04","0.029","0.9096"
"247"," "," "," "," "," "," "," "," "," "
"248","11005900","1991","2000","10","0.1536","0.1529","0.1536","0.392","0.2627"
"249"," "," "," "," "," "," "," "," "," "
"250","11007300","1990","2006","17","0.2569","0.2766","0.2568","0.507","0.0379"
"251"," "," "," "," "," "," "," "," "," "
"252","11012000","1992","2001","10","0.2342","0.5426","0.2343","0.484","0.1564"
"253"," "," "," "," "," "," "," "," "," "
"254","11012900","1990","2016","27","0.1435","0.1705","0.1435","0.379","0.0513"
"255"," "," "," "," "," "," "," "," "," "
"256","11016700","1991","2016","26","0.0417","0.0656","0.0417","0.204","0.3169"
"257"," "," "," "," "," "," "," "," "," "
"258","11019900","1990","2016","27","6e-04","0.0038","6e-04","0.025","0.9004"
"259"," "," "," "," "," "," "," "," "," "
"260","11020100","1990","2016","27","0.0528","0.0604","0.0528","0.23","0.249"
"261"," "," "," "," "," "," "," "," "," "
"262","11021600","1991","2016","26","0.0303","0.3087","0.0303","0.174","0.3955"
"263"," "," "," "," "," "," "," "," "," "
"264","11023400","1999","2016","18","0.0496","0.5379","0.0496","0.223","0.3743"
"265"," "," "," "," "," "," "," "," "," "
"266","11024200","1990","2016","27","0.3289","0.3093","0.3289","0.573","0.0018"
"267"," "," "," "," "," "," "," "," "," "
"268","11025000","1990","2016","27","0.0229","0.034","0.0228","0.151","0.4517"
"269"," "," "," "," "," "," "," "," "," "
"270","11025700","1999","2016","18","0.1686","0.1954","0.1685","-0.411","0.0906"
"271"," "," "," "," "," "," "," "," "," "
"272","11026300","1990","2016","27","0.1121","0.1509","0.1121","0.335","0.0878"
"273"," "," "," "," "," "," "," "," "," "
"274","11027400","1995","2016","22","0.1881","0.2459","0.1881","0.434","0.0437"
"275"," "," "," "," "," "," "," "," "," "
"276","11028100","1993","2016","24","0.0428","0.1185","0.0427","0.207","0.3321"
"277"," "," "," "," "," "," "," "," "," "
"278","11030400","1991","2016","26","0.0587","0.1625","0.0587","0.242","0.2332"
"279"," "," "," "," "," "," "," "," "," "
"280","11030700","1997","2016","20","0.2212","0.2552","0.2212","0.47","0.0364"
"281"," "," "," "," "," "," "," "," "," "
"282","11031100","2002","2016","15","0.0446","0.6509","0.0447","-0.211","0.4497"
"283"," "," "," "," "," "," "," "," "," "
"284","11037100","1992","2016","25","0.0091","0.3383","0.0091","0.095","0.6498"
"285"," "," "," "," "," "," "," "," "," "
"286","11038300","1996","2016","21","0.0035","0.1405","0.0035","0.059","0.7999"
"287"," "," "," "," "," "," "," "," "," "
"288","11041200","1990","2016","27","0.0195","0.1405","0.0195","0.139","0.4878"
"289"," "," "," "," "," "," "," "," "," "
"290","11041300","1990","2016","27","0.0548","0.0507","0.0548","0.234","0.2398"
"291"," "," "," "," "," "," "," "," "," "
"292","11047600","1991","2014","24","0.0251","0.2979","0.0251","0.158","0.4599"
"293"," "," "," "," "," "," "," "," "," "
"294","13001300","1996","2016","21","0.0131","0.0882","0.0131","0.114","0.6216"
"295"," "," "," "," "," "," "," "," "," "
"296","13002800","1990","2004","15","0.0237","0.9163","0.0238","-0.154","0.5841"
"297"," "," "," "," "," "," "," "," "," "
"298","13002900","1996","2016","21","0.1789","0.1834","0.1788","0.423","0.0561"
"299"," "," "," "," "," "," "," "," "," "
"300","13003100","1990","2016","27","0.0137","0.0504","0.0137","0.117","0.5607"
"301"," "," "," "," "," "," "," "," "," "
"302","13003200","1990","2016","27","0.0371","0.8111","0.0371","0.193","0.3355"
"303"," "," "," "," "," "," "," "," "," "
"304","13003500","1990","2016","27","7e-04","0.858","7e-04","0.026","0.8962"
"305"," "," "," "," "," "," "," "," "," "
"306","13005300","1990","2016","27","0.0583","0.2862","0.0583","0.241","0.225"
"307"," "," "," "," "," "," "," "," "," "
"308","13006800","2003","2016","14","0.2982","0.672","0.2983","0.546","0.0433"
"309"," "," "," "," "," "," "," "," "," "
"310","13006900","1990","2016","27","0.2908","0.3241","0.2908","0.539","0.0037"
"311"," "," "," "," "," "," "," "," "," "
"312","13008300","1990","2016","27","0.1679","0.2093","0.1679","0.41","0.0338"
"313"," "," "," "," "," "," "," "," "," "
"314","15001600","1990","2016","27","0.0094","0.0045","0.0094","0.097","0.63"
"315"," "," "," "," "," "," "," "," "," "
"316","15006800","1992","2016","25","0.2747","0.8827","0.2746","0.524","0.0072"
"317"," "," "," "," "," "," "," "," "," "
"318","15007900","1995","2016","22","0.0809","0.0858","0.0809","-0.284","0.1996"
"319"," "," "," "," "," "," "," "," "," "
"320","16013900","1995","2016","22","0.1949","0.2122","0.1948","0.441","0.0397"
"321"," "," "," "," "," "," "," "," "," "
"322","16014700","1990","2016","27","0","0.0341","0","0.005","0.9804"
"323"," "," "," "," "," "," "," "," "," "
"324","16022700","1990","2016","27","0.1332","0.1979","0.1332","0.365","0.0613"
"325"," "," "," "," "," "," "," "," "," "
"326","16022800","1999","2016","18","0.0414","0.1648","0.0414","0.203","0.4181"
"327"," "," "," "," "," "," "," "," "," "
"328","16023900","1990","2016","27","0.0812","0.0917","0.0812","0.285","0.1498"
"329"," "," "," "," "," "," "," "," "," "
"330","16035600","1996","2016","21","0.0119","0.0287","0.0119","0.109","0.6377"
"331"," "," "," "," "," "," "," "," "," "
"332","16062900","1990","2016","27","0.178","0.2037","0.178","0.422","0.0284"
"333"," "," "," "," "," "," "," "," "," "
"334","16063300","1990","2015","26","4e-04","0.0096","4e-04","0.019","0.9272"
"335"," "," "," "," "," "," "," "," "," "
"336","17000300","1990","2016","27","1e-04","0.1994","1e-04","0.01","0.9617"
"337"," "," "," "," "," "," "," "," "," "
"338","18000100","1993","2016","24","0.0309","0.0532","0.0309","0.176","0.4114"
"339"," "," "," "," "," "," "," "," "," "
"340","18005000","1991","2016","26","0.069","0.0532","0.069","0.263","0.1947"
"341"," "," "," "," "," "," "," "," "," "
"342","18007000","1996","2016","21","0.0797","0.1293","0.0797","0.282","0.2151"
"343"," "," "," "," "," "," "," "," "," "
"344","18009300","1991","2013","23","0.0193","0.0201","0.0193","0.139","0.5273"
"345"," "," "," "," "," "," "," "," "," "
"346","18009600","1995","2016","22","0.0197","0.0486","0.0198","0.14","0.533"
"347"," "," "," "," "," "," "," "," "," "
"348","18011000","2002","2016","15","0.0039","0.2312","0.0039","-0.062","0.8249"
"349"," "," "," "," "," "," "," "," "," "
"350","18013600","1991","2016","26","0.0258","0.0328","0.0259","0.161","0.4328"
"351"," "," "," "," "," "," "," "," "," "
"352","18015500","1991","2016","26","0","0.0497","0","-0.004","0.9859"
"353"," "," "," "," "," "," "," "," "," "
"354","18016100","2000","2016","17","0.1168","0.168","0.1169","-0.342","0.1793"
"355"," "," "," "," "," "," "," "," "," "
"356","18016500","1990","2016","27","0.0222","0.0217","0.0222","0.149","0.4581"
"357"," "," "," "," "," "," "," "," "," "
"358","18018400","1997","2016","20","0.2321","0.2279","0.2321","0.482","0.0315"
"359"," "," "," "," "," "," "," "," "," "
"360","18020300","2003","2016","14","0.001","0.0067","0.001","0.031","0.9159"
"361"," "," "," "," "," "," "," "," "," "
"362","18021200","1992","2016","25","0.0121","0.3897","0.0121","0.11","0.6008"
"363"," "," "," "," "," "," "," "," "," "
"364","18022600","1992","2016","25","0.1374","0.1095","0.1374","0.371","0.0682"
"365"," "," "," "," "," "," "," "," "," "
"366","18022700","1991","2016","26","0.0724","0.1111","0.0724","0.269","0.1837"
"367"," "," "," "," "," "," "," "," "," "
"368","18024300","1990","2016","27","1e-04","0.023","1e-04","-0.011","0.9571"
"369"," "," "," "," "," "," "," "," "," "
"370","18025100","1990","2016","27","1e-04","0.5816","1e-04","0.009","0.9653"
"371"," "," "," "," "," "," "," "," "," "
"372","18025200","1990","2016","27","0.0061","0.1043","0.0062","0.078","0.6975"
"373"," "," "," "," "," "," "," "," "," "
"374","18025600","1990","2016","27","1e-04","0.6056","1e-04","-0.012","0.9518"
"375"," "," "," "," "," "," "," "," "," "
"376","18025900","1990","2016","27","0.0024","0.1004","0.0024","0.049","0.8092"
"377"," "," "," "," "," "," "," "," "," "
"378","18029800","1990","2016","27","0.1921","0.1863","0.1922","0.438","0.0222"
"379"," "," "," "," "," "," "," "," "," "
"380","18030400","1990","2016","27","0.0017","0.3194","0.0017","0.041","0.8383"
"381"," "," "," "," "," "," "," "," "," "
"382","18030500","1990","2016","27","0.0055","0.4709","0.0055","0.074","0.7138"
"383"," "," "," "," "," "," "," "," "," "
"384","18030800","1990","2016","27","0.0175","0.2115","0.0175","0.132","0.5105"
"385"," "," "," "," "," "," "," "," "," "
"386","18032000","1990","2016","27","0.0137","0.2502","0.0137","0.117","0.5611"
"387"," "," "," "," "," "," "," "," "," "
"388","18032300","1990","2016","27","0.04","0.5212","0.04","0.2","0.3171"
"389"," "," "," "," "," "," "," "," "," "
"390","18032500","1997","2015","19","0.0036","0.1091","0.0036","0.06","0.8081"
"391"," "," "," "," "," "," "," "," "," "
"392","18032900","1990","2016","27","0.0524","0.0807","0.0524","-0.229","0.2506"
"393"," "," "," "," "," "," "," "," "," "
"394","18033500","1990","2016","27","0.0198","0.2724","0.0199","0.141","0.4837"
"395"," "," "," "," "," "," "," "," "," "
"396","18033800","1990","2016","27","0.065","0.1149","0.065","0.255","0.1994"
"397"," "," "," "," "," "," "," "," "," "
"398","18034200","1990","2016","27","0.0021","0.4317","0.0021","0.045","0.8223"
"399"," "," "," "," "," "," "," "," "," "
"400","18034300","1996","2016","21","0","0.0063","0","-0.003","0.9881"
"401"," "," "," "," "," "," "," "," "," "
"402","18034800","1990","2014","25","0.0049","0.1803","0.0049","0.07","0.7392"
"403"," "," "," "," "," "," "," "," "," "
"404","18035100","1990","2016","27","0.047","0.0652","0.047","0.217","0.2773"
"405"," "," "," "," "," "," "," "," "," "
"406","18035200","1992","2016","25","0.0095","0.3233","0.0095","0.098","0.6422"
"407"," "," "," "," "," "," "," "," "," "
"408","18037200","1990","2016","27","0.0897","0.3564","0.0897","0.299","0.1292"
"409"," "," "," "," "," "," "," "," "," "
"410","18037400","1990","2016","27","0.0205","0.0207","0.0205","0.143","0.4761"
"411"," "," "," "," "," "," "," "," "," "
"412","18037500","1990","2016","27","0.0506","0.1061","0.0507","0.225","0.2591"
"413"," "," "," "," "," "," "," "," "," "
"414","18037600","2004","2016","13","0.0142","0.148","0.0142","0.119","0.6987"
"415"," "," "," "," "," "," "," "," "," "
"416","18039200","1990","2015","26","0.0139","0.5616","0.0139","0.118","0.5665"
"417"," "," "," "," "," "," "," "," "," "
"418","18040700","1991","2016","26","0.0121","0.0574","0.0121","0.11","0.5934"
"419"," "," "," "," "," "," "," "," "," "
"420","18040900","1990","2016","27","0.0148","0.0789","0.0148","0.122","0.5454"
"421"," "," "," "," "," "," "," "," "," "
"422","19002400","1996","2016","21","0.1404","0.1612","0.1404","0.375","0.0943"
"423"," "," "," "," "," "," "," "," "," "
"424","19002600","1990","2016","27","0.0026","0.6094","0.0026","0.051","0.8003"
"425"," "," "," "," "," "," "," "," "," "
"426","19003100","1992","2016","25","0.4309","0.3799","0.4309","0.656","4e-04"
"427"," "," "," "," "," "," "," "," "," "
"428","19004900","2001","2016","16","0.0066","0.0138","0.0066","0.081","0.7644"
"429"," "," "," "," "," "," "," "," "," "
"430","19005000","1994","2016","23","0.0183","0.0299","0.0183","0.135","0.5386"
"431"," "," "," "," "," "," "," "," "," "
"432","21005200","1992","2012","21","0.1689","0.1741","0.1689","0.411","0.0642"
"433"," "," "," "," "," "," "," "," "," "
"434","21005400","1991","2016","26","0.1695","0.1719","0.1696","0.412","0.0366"
"435"," "," "," "," "," "," "," "," "," "
"436","21005600","1991","2016","26","0.0726","0.197","0.0727","0.27","0.183"
"437"," "," "," "," "," "," "," "," "," "
"438","21005700","1990","2016","27","0.1094","0.1497","0.1095","0.331","0.0919"
"439"," "," "," "," "," "," "," "," "," "
"440","21007300","1997","2016","20","0.0067","0.4582","0.0067","0.082","0.7309"
"441"," "," "," "," "," "," "," "," "," "
"442","21007600","1995","2016","22","0.082","0.1773","0.082","0.286","0.1963"
"443"," "," "," "," "," "," "," "," "," "
"444","21007900","1990","2005","16","1e-04","0.4593","1e-04","-0.008","0.976"
"445"," "," "," "," "," "," "," "," "," "
"446","21008100","1994","2008","15","0.0266","0.0278","0.0265","-0.163","0.5617"
"447"," "," "," "," "," "," "," "," "," "
"448","21008300","1990","2016","27","0.0697","0.0663","0.0698","0.264","0.1832"
"449"," "," "," "," "," "," "," "," "," "
"450","21008500","1992","2013","22","0.0534","0.107","0.0534","0.231","0.301"
"451"," "," "," "," "," "," "," "," "," "
"452","21009200","1993","2016","24","0.0023","0.3224","0.0023","0.048","0.8225"
"453"," "," "," "," "," "," "," "," "," "
"454","21009400","1995","2016","22","0.0306","0.1466","0.0306","0.175","0.4359"
"455"," "," "," "," "," "," "," "," "," "
"456","21010300","1993","2016","24","0.0129","0.0356","0.0129","0.114","0.5967"
"457"," "," "," "," "," "," "," "," "," "
"458","21010600","1991","2016","26","0.2689","0.3297","0.269","0.519","0.0066"
"459"," "," "," "," "," "," "," "," "," "
"460","21012300","1990","2016","27","0.0688","0.1267","0.0689","0.262","0.1861"
"461"," "," "," "," "," "," "," "," "," "
"462","21014000","1996","2016","21","0.0702","0.6628","0.0703","0.265","0.2456"
"463"," "," "," "," "," "," "," "," "," "
"464","21014400","1990","2016","27","0.0106","0.4162","0.0106","0.103","0.6095"
"465"," "," "," "," "," "," "," "," "," "
"466","21014500","1997","2016","20","0.0654","0.0762","0.0654","0.256","0.2764"
"467"," "," "," "," "," "," "," "," "," "
"468","21016000","1996","2016","21","0.0889","0.8165","0.0889","0.298","0.1891"
"469"," "," "," "," "," "," "," "," "," "
"470","21021200","1990","2016","27","0.0171","0.0592","0.0171","0.131","0.5151"
"471"," "," "," "," "," "," "," "," "," "
"472","21024200","1996","2016","21","0.21","0.191","0.21","0.458","0.0367"
"473"," "," "," "," "," "," "," "," "," "
"474","21024500","1992","2016","25","0.0659","0.7977","0.0659","0.257","0.2154"
"475"," "," "," "," "," "," "," "," "," "
"476","21029100","1991","2016","26","0.0123","0.379","0.0123","0.111","0.5897"
"477"," "," "," "," "," "," "," "," "," "
"478","21037500","1990","2016","27","0.0525","0.0655","0.0524","0.229","0.2505"
"479"," "," "," "," "," "," "," "," "," "
"480","26000200","1996","2016","21","0.0498","0.1569","0.0498","0.223","0.3307"
"481"," "," "," "," "," "," "," "," "," "
"482","27001900","1999","2016","18","0.0887","0.5059","0.0886","0.298","0.2301"
"483"," "," "," "," "," "," "," "," "," "
"484","27004200","1991","2016","26","0.1446","0.1356","0.1446","0.38","0.0553"
"485"," "," "," "," "," "," "," "," "," "
"486","27004400","1993","2015","23","0.0644","0.0722","0.0643","0.254","0.2427"
"487"," "," "," "," "," "," "," "," "," "
"488","27008800","1990","2016","27","0.0115","0.0308","0.0115","0.107","0.595"
"489"," "," "," "," "," "," "," "," "," "
"490","27009500","2004","2016","13","0.0667","0.0775","0.0668","0.258","0.3943"
"491"," "," "," "," "," "," "," "," "," "
"492","27010400","1990","2016","27","0.3954","0.3951","0.3953","0.629","4e-04"
"493"," "," "," "," "," "," "," "," "," "
"494","27010700","1990","2016","27","0.007","0.0909","0.007","0.084","0.6779"
"495"," "," "," "," "," "," "," "," "," "
"496","27010800","1998","2016","19","5e-04","0.038","5e-04","-0.023","0.9241"
"497"," "," "," "," "," "," "," "," "," "
"498","27011100","1990","2016","27","0.4176","0.5315","0.4176","0.646","3e-04"
"499"," "," "," "," "," "," "," "," "," "
"500","27011600","1990","2016","27","0.0212","0.0238","0.0212","0.146","0.4688"
"501"," "," "," "," "," "," "," "," "," "
"502","27011700","1990","2016","27","0.1178","0.1261","0.1177","0.343","0.0796"
"503"," "," "," "," "," "," "," "," "," "
"504","27011800","1990","2016","27","0.4307","0.5069","0.4307","0.656","2e-04"
"505"," "," "," "," "," "," "," "," "," "
"506","27011900","1990","2016","27","0.2494","0.3048","0.2494","0.499","0.008"
"507"," "," "," "," "," "," "," "," "," "
"508","27012100","1990","2016","27","0.0802","0.1063","0.0802","0.283","0.1523"
"509"," "," "," "," "," "," "," "," "," "
"510","27013300","1990","2016","27","0.0017","0.0046","0.0017","0.042","0.8362"
"511"," "," "," "," "," "," "," "," "," "
"512","27013400","1994","2016","23","0.0433","0.2902","0.0432","0.208","0.3406"
"513"," "," "," "," "," "," "," "," "," "
"514","27013700","1996","2016","21","0.3384","0.3222","0.3384","0.582","0.0057"
"515"," "," "," "," "," "," "," "," "," "
"516","27014400","1998","2016","19","0.052","0.12","0.052","0.228","0.3477"
"517"," "," "," "," "," "," "," "," "," "
"518","27015800","1998","2016","19","0.1181","0.1452","0.1181","0.344","0.1496"
"519"," "," "," "," "," "," "," "," "," "
"520","27015900","1998","2016","19","3e-04","0.0331","3e-04","0.016","0.9487"
"521"," "," "," "," "," "," "," "," "," "
"522","27016000","1992","2016","25","4e-04","0.042","4e-04","0.021","0.9222"
"523"," "," "," "," "," "," "," "," "," "
"524","27017600","1990","2016","27","0.0255","0.0672","0.0254","0.16","0.4263"
"525"," "," "," "," "," "," "," "," "," "
"526","27017800","1996","2016","21","0.0048","0.3748","0.0047","-0.069","0.7663"
"527"," "," "," "," "," "," "," "," "," "
"528","27018400","1996","2016","21","0.1932","0.2965","0.1932","0.44","0.0462"
"529"," "," "," "," "," "," "," "," "," "
"530","27019100","1994","2016","23","0.023","0.2308","0.023","0.152","0.4893"
"531"," "," "," "," "," "," "," "," "," "
"532","29006100","2001","2016","16","7e-04","0.1006","7e-04","0.027","0.9222"
"533"," "," "," "," "," "," "," "," "," "
"534","29007100","1990","2016","27","0.0054","0.0027","0.0054","0.073","0.7159"
"535"," "," "," "," "," "," "," "," "," "
"536","29007200","1996","2016","21","0.1384","0.1447","0.1384","0.372","0.0968"
"537"," "," "," "," "," "," "," "," "," "
"538","29007500","2002","2016","15","0.0046","0.2344","0.0046","-0.068","0.8107"
"539"," "," "," "," "," "," "," "," "," "
"540","29007700","1997","2016","20","0.0018","0.0026","0.0018","0.042","0.8599"
"541"," "," "," "," "," "," "," "," "," "
"542","29008700","1991","2016","26","0.0652","0.1026","0.0652","0.255","0.2081"
"543"," "," "," "," "," "," "," "," "," "
"544","29009200","1994","2016","23","0.0274","0.0274","0.0274","0.166","0.4502"
"545"," "," "," "," "," "," "," "," "," "
"546","29010101","1993","2016","24","0.0031","0.0117","0.0031","-0.056","0.7951"
"547"," "," "," "," "," "," "," "," "," "
"548","29014300","1994","2016","23","2e-04","0.0505","2e-04","0.013","0.9538"
"549"," "," "," "," "," "," "," "," "," "
"550","29014600","1991","2016","26","0.0365","0.6459","0.0365","0.191","0.3498"
"551"," "," "," "," "," "," "," "," "," "
"552","29014800","1991","2001","11","0.0417","0.1896","0.0417","0.204","0.5471"
"553"," "," "," "," "," "," "," "," "," "
"554","29015000","1990","2016","27","0.1018","0.1041","0.1018","0.319","0.1048"
"555"," "," "," "," "," "," "," "," "," "
"556","29015600","1990","2016","27","0.0011","9e-04","0.0011","0.033","0.8686"
"557"," "," "," "," "," "," "," "," "," "
"558","29016100","1991","2016","26","0.0296","0.0591","0.0296","0.172","0.401"
"559"," "," "," "," "," "," "," "," "," "
"560","29018400","1995","2016","22","0.0561","0.1955","0.0561","0.237","0.2888"
"561"," "," "," "," "," "," "," "," "," "
"562","29018500","1991","2016","26","0.0338","0.082","0.0338","0.184","0.3688"
"563"," "," "," "," "," "," "," "," "," "
"564","29018800","1994","2016","23","0.0602","0.0646","0.0602","0.245","0.2592"
"565"," "," "," "," "," "," "," "," "," "
"566","29020800","1994","2016","23","0.0481","0.0535","0.0481","0.219","0.3145"
"567"," "," "," "," "," "," "," "," "," "
"568","29024200","1991","2016","26","0.0011","0.0537","0.0011","-0.033","0.8732"
"569"," "," "," "," "," "," "," "," "," "
"570","29024300","1990","2016","27","0.3734","0.3342","0.3734","0.611","7e-04"
"571"," "," "," "," "," "," "," "," "," "
"572","29025000","1996","2016","21","0.0326","0.0596","0.0326","0.181","0.4333"
"573"," "," "," "," "," "," "," "," "," "
"574","29025400","1991","2016","26","0.3177","0.3731","0.3176","0.564","0.0027"
"575"," "," "," "," "," "," "," "," "," "
"576","29025600","1991","2016","26","0.2398","0.2195","0.2398","0.49","0.0111"
"577"," "," "," "," "," "," "," "," "," "
"578","29031300","1996","2016","21","5e-04","0.0596","5e-04","0.021","0.9263"
"579"," "," "," "," "," "," "," "," "," "
"580","30000900","1990","2016","27","0.0374","0.0528","0.0374","0.193","0.3338"
"581"," "," "," "," "," "," "," "," "," "
"582","30002200","1990","2016","27","0.197","0.2851","0.197","0.444","0.0204"
"583"," "," "," "," "," "," "," "," "," "
"584","30003500","1998","2016","19","0.0494","0.0945","0.0494","0.222","0.3605"
"585"," "," "," "," "," "," "," "," "," "
"586","30007200","1992","2016","25","0.0491","0.0771","0.0491","0.222","0.2869"
"587"," "," "," "," "," "," "," "," "," "
"588","30013500","1992","2016","25","0.0194","0.0179","0.0194","0.139","0.5066"
"589"," "," "," "," "," "," "," "," "," "
"590","30013600","1990","2016","27","0.0072","0.0105","0.0072","-0.085","0.6741"
"591"," "," "," "," "," "," "," "," "," "
"592","31000300","1991","2016","26","0.0042","0.0434","0.0042","0.065","0.7538"
"593"," "," "," "," "," "," "," "," "," "
"594","31005800","1991","2016","26","0.0152","0.0511","0.0152","0.123","0.5483"
"595"," "," "," "," "," "," "," "," "," "
"596","31006900","1992","2016","25","0.2944","0.3547","0.2944","0.543","0.0051"
"597"," "," "," "," "," "," "," "," "," "
"598","31007800","1992","2016","25","0.05","0.1298","0.0501","0.224","0.2824"
"599"," "," "," "," "," "," "," "," "," "
"600","31014100","1993","2016","24","0.1526","0.1375","0.1526","0.391","0.0591"
"601"," "," "," "," "," "," "," "," "," "
"602","31019300","1993","2016","24","0.3104","0.4889","0.3102","0.557","0.0047"
"603"," "," "," "," "," "," "," "," "," "
"604","31020600","1998","2016","19","0.3638","0.337","0.3638","0.603","0.0063"
"605"," "," "," "," "," "," "," "," "," "
"606","31020900","1998","2016","19","0.0876","0.1583","0.0876","0.296","0.2186"
"607"," "," "," "," "," "," "," "," "," "
"608","31021400","1996","2016","21","0.1394","0.1408","0.1395","0.373","0.0954"
"609"," "," "," "," "," "," "," "," "," "
"610","31021600","1995","2016","22","0.0394","0.0719","0.0395","0.199","0.3756"
"611"," "," "," "," "," "," "," "," "," "
"612","31025500","1992","2016","25","0.1791","0.1754","0.1791","0.423","0.035"
"613"," "," "," "," "," "," "," "," "," "
"614","31026000","1990","2016","27","0.0033","0.3504","0.0033","0.058","0.7753"
"615"," "," "," "," "," "," "," "," "," "
"616","31029200","1990","2016","27","0.0104","0.0383","0.0104","-0.102","0.6125"
"617"," "," "," "," "," "," "," "," "," "
"618","31029900","1995","2016","22","0.0081","0.0353","0.0082","-0.09","0.6896"
"619"," "," "," "," "," "," "," "," "," "
"620","31033400","2001","2016","16","0.0734","0.1821","0.0734","-0.271","0.3101"
"621"," "," "," "," "," "," "," "," "," "
"622","31035300","1990","2016","27","0.0929","0.0964","0.0929","0.305","0.1221"
"623"," "," "," "," "," "," "," "," "," "
"624","31036100","1993","2011","19","0.03","0.0543","0.03","-0.173","0.4783"
"625"," "," "," "," "," "," "," "," "," "
"626","31036600","1995","2016","22","0.0054","0.044","0.0054","-0.073","0.746"
"627"," "," "," "," "," "," "," "," "," "
"628","31037300","1993","2016","24","0.2202","0.1941","0.2202","0.469","0.0207"
"629"," "," "," "," "," "," "," "," "," "
"630","31038400","1998","2016","19","0.5796","0.7073","0.5796","0.761","2e-04"
"631"," "," "," "," "," "," "," "," "," "
"632","31039900","1998","2016","19","0.0412","0.0541","0.0412","0.203","0.4044"
"633"," "," "," "," "," "," "," "," "," "
"634","31041300","1990","2016","27","0.0302","0.1539","0.0301","0.174","0.3864"
"635"," "," "," "," "," "," "," "," "," "
"636","31042200","1990","2016","27","0.0237","0.0877","0.0237","0.154","0.4433"
"637"," "," "," "," "," "," "," "," "," "
"638","31042400","1990","2016","27","0","0.3453","0","0.004","0.9826"
"639"," "," "," "," "," "," "," "," "," "
"640","31043800","1990","2016","27","0.0049","0.7378","0.0049","0.07","0.7276"
"641"," "," "," "," "," "," "," "," "," "
"642","31045400","2001","2016","16","0.0286","0.0389","0.0286","0.169","0.531"
"643"," "," "," "," "," "," "," "," "," "
"644","31053800","1990","2016","27","0.0127","0.3789","0.0127","0.113","0.5753"
"645"," "," "," "," "," "," "," "," "," "
"646","31055400","1990","2006","17","0.2644","0.3049","0.2644","0.514","0.0347"
"647"," "," "," "," "," "," "," "," "," "
"648","31057100","1990","2016","27","0.3481","0.4415","0.348","0.59","0.0012"
"649"," "," "," "," "," "," "," "," "," "
"650","31057600","1990","2016","27","0.1618","0.1568","0.1618","0.402","0.0375"
"651"," "," "," "," "," "," "," "," "," "
"652","31058500","1998","2016","19","0.0623","0.2235","0.0622","0.25","0.3029"
"653"," "," "," "," "," "," "," "," "," "
"654","31060200","1990","2016","27","0.0097","0.3138","0.0097","0.099","0.6248"
"655"," "," "," "," "," "," "," "," "," "
"656","31061300","1990","2016","27","0","0.4858","0","0.005","0.9793"
"657"," "," "," "," "," "," "," "," "," "
"658","31062400","1993","2016","24","0.0724","0.1283","0.0724","0.269","0.2037"
"659"," "," "," "," "," "," "," "," "," "
"660","31065000","1990","2016","27","0.0093","0.1568","0.0093","-0.096","0.6329"
"661"," "," "," "," "," "," "," "," "," "
"662","31071900","1990","2016","27","0.4069","0.4394","0.4069","0.638","3e-04"
"663"," "," "," "," "," "," "," "," "," "
"664","31072200","1990","2016","27","0.1314","0.3051","0.1315","0.363","0.0631"
"665"," "," "," "," "," "," "," "," "," "
"666","31072500","1990","2016","27","4e-04","0.0942","4e-04","0.021","0.9181"
"667"," "," "," "," "," "," "," "," "," "
"668","31074900","1998","2016","19","0.0444","0.7259","0.0443","0.211","0.3868"
"669"," "," "," "," "," "," "," "," "," "
"670","31075800","1994","2016","23","0.0339","0.1478","0.0339","0.184","0.4003"
"671"," "," "," "," "," "," "," "," "," "
"672","31078600","1990","2016","27","0.0024","0.1955","0.0024","0.049","0.8067"
"673"," "," "," "," "," "," "," "," "," "
"674","31081200","1991","2016","26","0.008","0.2681","0.0079","0.089","0.6646"
"675"," "," "," "," "," "," "," "," "," "
"676","31081300","1990","2016","27","0.0139","0.0543","0.0138","0.118","0.5587"
"677"," "," "," "," "," "," "," "," "," "
"678","31082600","1992","2016","25","0.0221","0.0839","0.0221","-0.149","0.4784"
"679"," "," "," "," "," "," "," "," "," "
"680","31087700","2005","2016","12","0.0514","0.4547","0.0514","-0.227","0.4787"
"681"," "," "," "," "," "," "," "," "," "
"682","31088200","1990","2016","27","0.0159","0.0929","0.0159","0.126","0.5304"
"683"," "," "," "," "," "," "," "," "," "
"684","31091300","1996","2006","11","0.47","0.5191","0.47","0.686","0.0199"
"685"," "," "," "," "," "," "," "," "," "
"686","31092100","1994","2016","23","0.1838","0.1804","0.1839","0.429","0.0412"
"687"," "," "," "," "," "," "," "," "," "
"688","32001800","1990","2016","27","0.024","0.0788","0.024","0.155","0.4406"
"689"," "," "," "," "," "," "," "," "," "
"690","32002200","2002","2016","15","0.0061","0.0758","0.0061","-0.078","0.7818"
"691"," "," "," "," "," "," "," "," "," "
"692","32005702","1990","2016","27","0.0099","0.1802","0.0099","0.1","0.6213"
"693"," "," "," "," "," "," "," "," "," "
"694","33003600","1991","2016","26","0.2428","0.257","0.243","0.493","0.0105"
"695"," "," "," "," "," "," "," "," "," "
"696","34002200","1990","2016","27","0.2005","0.2026","0.2005","0.448","0.0192"
"697"," "," "," "," "," "," "," "," "," "
"698","34003200","1990","2016","27","0.1545","0.1768","0.1545","0.393","0.0425"
"699"," "," "," "," "," "," "," "," "," "
"700","34004400","1990","2016","27","0.2021","0.2434","0.2021","0.45","0.0187"
"701"," "," "," "," "," "," "," "," "," "
"702","34006200","1990","2016","27","0.2","0.1996","0.2","0.447","0.0194"
"703"," "," "," "," "," "," "," "," "," "
"704","34006600","1990","2016","27","0.3105","0.3675","0.3105","0.557","0.0025"
"705"," "," "," "," "," "," "," "," "," "
"706","34007800","1990","2016","27","0.0217","0.1326","0.0216","0.147","0.4637"
"707"," "," "," "," "," "," "," "," "," "
"708","34007900","1990","2016","27","0.2747","0.2841","0.2747","0.524","0.005"
"709"," "," "," "," "," "," "," "," "," "
"710","34008600","1990","2016","27","0.0806","0.1036","0.0806","0.284","0.1512"
"711"," "," "," "," "," "," "," "," "," "
"712","34011600","1990","2016","27","0.0518","0.0808","0.0518","0.228","0.2534"
"713"," "," "," "," "," "," "," "," "," "
"714","34011900","1990","2016","27","0.0012","0.074","0.0012","0.034","0.8649"
"715"," "," "," "," "," "," "," "," "," "
"716","34014200","1990","2016","27","0.0185","0.0741","0.0185","0.136","0.4984"
"717"," "," "," "," "," "," "," "," "," "
"718","34015400","1990","2016","27","0.2141","0.3427","0.2141","0.463","0.0151"
"719"," "," "," "," "," "," "," "," "," "
"720","34015800","1990","2016","27","0.2451","0.3054","0.2452","0.495","0.0086"
"721"," "," "," "," "," "," "," "," "," "
"722","34016900","1990","2016","27","0.0924","0.1748","0.0924","0.304","0.1231"
"723"," "," "," "," "," "," "," "," "," "
"724","34017100","1990","2016","27","0.2477","0.2487","0.2477","0.498","0.0082"
"725"," "," "," "," "," "," "," "," "," "
"726","34017200","1990","2016","27","9e-04","0.3276","9e-04","0.03","0.8817"
"727"," "," "," "," "," "," "," "," "," "
"728","34018100","1990","2016","27","0.1654","0.1815","0.1654","0.407","0.0353"
"729"," "," "," "," "," "," "," "," "," "
"730","34018600","2001","2016","16","0.4018","0.3735","0.4019","0.634","0.0084"
"731"," "," "," "," "," "," "," "," "," "
"732","34019200","1990","2016","27","0.034","0.2636","0.0339","0.184","0.3571"
"733"," "," "," "," "," "," "," "," "," "
"734","34019300","1990","2016","27","0.0677","0.2327","0.0676","0.26","0.19"
"735"," "," "," "," "," "," "," "," "," "
"736","34019600","1990","2016","27","0.0956","0.0967","0.0957","0.309","0.1165"
"737"," "," "," "," "," "," "," "," "," "
"738","34020600","1990","2016","27","0.0474","0.2291","0.0473","0.218","0.2754"
"739"," "," "," "," "," "," "," "," "," "
"740","34021700","1990","2016","27","0.0249","0.0405","0.0249","0.158","0.4321"
"741"," "," "," "," "," "," "," "," "," "
"742","34021800","2000","2016","17","0.3934","0.4177","0.3932","0.627","0.007"
"743"," "," "," "," "," "," "," "," "," "
"744","34022400","1990","2016","27","0.0153","0.1461","0.0153","0.124","0.5389"
"745"," "," "," "," "," "," "," "," "," "
"746","34024600","1990","2016","27","0.008","0.034","0.008","0.089","0.6578"
"747"," "," "," "," "," "," "," "," "," "
"748","34025100","1990","2016","27","0.0544","0.2866","0.0544","0.233","0.2415"
"749"," "," "," "," "," "," "," "," "," "
"750","34028300","1990","2016","27","0.0614","0.1002","0.0614","0.248","0.2127"
"751"," "," "," "," "," "," "," "," "," "
"752","34039000","2000","2016","17","0.3166","0.3692","0.3165","0.563","0.0187"
"753"," "," "," "," "," "," "," "," "," "
"754","38004700","2004","2016","13","0.0076","0.0087","0.0076","0.087","0.7774"
"755"," "," "," "," "," "," "," "," "," "
"756","38077900","1993","2016","24","0.0538","0.0655","0.0538","0.232","0.2756"
"757"," "," "," "," "," "," "," "," "," "
"758","40003100","1990","2016","27","0.1132","0.1415","0.1132","0.336","0.0862"
"759"," "," "," "," "," "," "," "," "," "
"760","40003300","1990","2016","27","0.0789","0.1559","0.0788","0.281","0.1559"
"761"," "," "," "," "," "," "," "," "," "
"762","40005700","1993","2016","24","0.0996","0.2508","0.0996","0.316","0.1329"
"763"," "," "," "," "," "," "," "," "," "
"764","40009200","1990","2016","27","0.0083","0.1252","0.0082","0.091","0.6518"
"765"," "," "," "," "," "," "," "," "," "
"766","40009202","1990","2016","27","0.0095","0.5633","0.0094","0.097","0.6289"
"767"," "," "," "," "," "," "," "," "," "
"768","40011700","1990","2008","19","0.0792","0.2296","0.0791","0.281","0.2431"
"769"," "," "," "," "," "," "," "," "," "
"770","41008900","2004","2016","13","0.0094","0.6104","0.0093","0.097","0.7531"
"771"," "," "," "," "," "," "," "," "," "
"772","43001200","1990","2016","27","0.0688","0.0629","0.0689","0.262","0.1861"
"773"," "," "," "," "," "," "," "," "," "
"774","44000300","1992","2016","25","0.0091","0.0256","0.0091","0.095","0.6498"
"775"," "," "," "," "," "," "," "," "," "
"776","46002400","1992","2016","25","0.0589","0.1366","0.0589","0.243","0.2425"
"777"," "," "," "," "," "," "," "," "," "
"778","47000200","1993","2016","24","0.2375","0.2623","0.2375","0.487","0.0157"
"779"," "," "," "," "," "," "," "," "," "
"780","47002300","2003","2016","14","0.2258","0.2533","0.2258","0.475","0.086"
"781"," "," "," "," "," "," "," "," "," "
"782","47003200","1992","2016","25","0.0559","0.2681","0.0559","0.236","0.2552"
"783"," "," "," "," "," "," "," "," "," "
"784","47004600","1990","2016","27","0.1511","0.1618","0.1511","0.389","0.0451"
"785"," "," "," "," "," "," "," "," "," "
"786","47004900","1992","2016","25","0.2086","0.209","0.2086","0.457","0.0217"
"787"," "," "," "," "," "," "," "," "," "
"788","47005000","1990","2016","27","0.189","0.2016","0.189","0.435","0.0234"
"789"," "," "," "," "," "," "," "," "," "
"790","47006800","1990","2016","27","0.3988","0.3839","0.3988","0.631","4e-04"
"791"," "," "," "," "," "," "," "," "," "
"792","47008200","1995","2016","22","0.4404","0.4643","0.4403","0.664","8e-04"
"793"," "," "," "," "," "," "," "," "," "
"794","47008800","1995","2016","22","0.31","0.3249","0.31","0.557","0.0071"
"795"," "," "," "," "," "," "," "," "," "
"796","47009500","1990","2016","27","0.2495","0.2578","0.2495","0.5","0.008"
"797"," "," "," "," "," "," "," "," "," "
"798","47011800","1998","2016","19","0.404","0.3977","0.4041","0.636","0.0034"
"799"," "," "," "," "," "," "," "," "," "
"800","47011900","1990","2016","27","0.004","0.5932","0.004","0.063","0.7542"
"801"," "," "," "," "," "," "," "," "," "
"802","47012900","1996","2016","21","1e-04","0.0146","1e-04","-0.008","0.9717"
"803"," "," "," "," "," "," "," "," "," "
"804","47013400","1992","2016","25","0.0626","0.0614","0.0626","0.25","0.2278"
"805"," "," "," "," "," "," "," "," "," "
"806","47017700","1997","2016","20","0.063","0.0708","0.0631","0.251","0.2857"
"807"," "," "," "," "," "," "," "," "," "
"808","48001200","1990","2016","27","0.1073","0.2699","0.1073","0.328","0.0953"
"809"," "," "," "," "," "," "," "," "," "
"810","49001500","1993","2016","24","0.0072","0.0844","0.0072","0.085","0.6931"
"811"," "," "," "," "," "," "," "," "," "
"812","49001600","1990","2016","27","0.0777","0.1665","0.0778","0.279","0.1591"
"813"," "," "," "," "," "," "," "," "," "
"814","49002400","1997","2016","20","1e-04","0.0222","1e-04","-0.009","0.9701"
"815"," "," "," "," "," "," "," "," "," "
"816","49005600","1995","2016","22","0.1181","0.2415","0.1181","0.344","0.1173"
"817"," "," "," "," "," "," "," "," "," "
"818","49007900","1990","2016","27","0.0011","0.0468","0.0011","0.033","0.8717"
"819"," "," "," "," "," "," "," "," "," "
"820","49012700","1994","2016","23","0.005","0.232","0.005","0.071","0.749"
"821"," "," "," "," "," "," "," "," "," "
"822","49013300","1999","2016","18","0.0203","0.1879","0.0203","0.143","0.5724"
"823"," "," "," "," "," "," "," "," "," "
"824","49013700","1993","2016","24","0.0082","0.083","0.0082","0.09","0.6744"
"825"," "," "," "," "," "," "," "," "," "
"826","51004600","1990","2016","27","0.2003","0.2352","0.2002","0.448","0.0192"
"827"," "," "," "," "," "," "," "," "," "
"828","51006300","1997","2016","20","0.2194","0.2248","0.2194","0.468","0.0373"
"829"," "," "," "," "," "," "," "," "," "
"830","52000100","2000","2016","17","0.0451","0.0973","0.0452","0.212","0.413"
"831"," "," "," "," "," "," "," "," "," "
"832","56011600","1994","2016","23","0.0368","0.0315","0.0368","0.192","0.3804"
"833"," "," "," "," "," "," "," "," "," "
"834","56013000","1990","2016","27","0.1801","0.1956","0.1801","0.424","0.0273"
"835"," "," "," "," "," "," "," "," "," "
"836","56013800","1991","2016","26","0.0017","0.0096","0.0017","0.041","0.8411"
"837"," "," "," "," "," "," "," "," "," "
"838","56014100","1990","2016","27","0.1683","0.1642","0.1683","0.41","0.0336"
"839"," "," "," "," "," "," "," "," "," "
"840","56014200","1990","2016","27","0.0076","0.0111","0.0076","0.087","0.6661"
"841"," "," "," "," "," "," "," "," "," "
"842","56019100","1995","2016","22","0.0157","0.1823","0.0157","-0.125","0.5782"
"843"," "," "," "," "," "," "," "," "," "
"844","56023800","1991","2016","26","0.0025","0.0734","0.0025","-0.05","0.8077"
"845"," "," "," "," "," "," "," "," "," "
"846","56023900","1990","2016","27","1e-04","0.0584","1e-04","0.011","0.9549"
"847"," "," "," "," "," "," "," "," "," "
"848","56024000","1990","2016","27","0.0113","0.0107","0.0113","0.106","0.5978"
"849"," "," "," "," "," "," "," "," "," "
"850","56024200","1990","2016","27","0.0296","0.0402","0.0296","0.172","0.3911"
"851"," "," "," "," "," "," "," "," "," "
"852","56025300","1996","2016","21","0.0019","0.0652","0.0019","0.044","0.8507"
"853"," "," "," "," "," "," "," "," "," "
"854","56029700","1996","2016","21","0.0156","0.0106","0.0155","-0.125","0.59"
"855"," "," "," "," "," "," "," "," "," "
"856","56029800","1996","2016","21","0.033","0.0609","0.033","0.182","0.4306"
"857"," "," "," "," "," "," "," "," "," "
"858","56030200","1996","2016","21","0.0104","0.2978","0.0104","0.102","0.6595"
"859"," "," "," "," "," "," "," "," "," "
"860","56032800","1992","2016","25","0.0093","0.3302","0.0093","0.096","0.6469"
"861"," "," "," "," "," "," "," "," "," "
"862","56036900","1997","2016","20","0.0194","0.0425","0.0193","0.139","0.5586"
"863"," "," "," "," "," "," "," "," "," "
"864","56037700","1997","2016","20","0.0033","0.347","0.0033","0.057","0.8099"
"865"," "," "," "," "," "," "," "," "," "
"866","56038500","1990","2016","27","0.0105","0.0128","0.0105","0.102","0.6119"
"867"," "," "," "," "," "," "," "," "," "
"868","56038601","1993","2007","15","0.0872","0.3853","0.0872","0.295","0.2852"
"869"," "," "," "," "," "," "," "," "," "
"870","56038602","1993","2016","24","0.0152","0.0173","0.0152","0.123","0.5664"
"871"," "," "," "," "," "," "," "," "," "
"872","56038700","1995","2016","22","0.0033","0.0461","0.0033","0.057","0.8"
"873"," "," "," "," "," "," "," "," "," "
"874","56038800","1992","2016","25","8e-04","0.089","8e-04","0.029","0.8906"
"875"," "," "," "," "," "," "," "," "," "
"876","56047500","1990","2016","27","0.0478","0.0474","0.0478","0.219","0.2731"
"877"," "," "," "," "," "," "," "," "," "
"878","56052300","1998","2016","19","0.0089","0.0246","0.0089","0.094","0.7008"
"879"," "," "," "," "," "," "," "," "," "
"880","56053200","1999","2016","18","0.2601","0.2778","0.2601","0.51","0.0306"
"881"," "," "," "," "," "," "," "," "," "
"882","56065800","1997","2016","20","0.0096","0.0259","0.0096","0.098","0.6816"
"883"," "," "," "," "," "," "," "," "," "
"884","56074700","1990","2016","27","0.0558","0.1162","0.0558","0.236","0.2355"
"885"," "," "," "," "," "," "," "," "," "
"886","56076000","1990","2016","27","0.1385","0.1337","0.1385","0.372","0.0559"
"887"," "," "," "," "," "," "," "," "," "
"888","56078100","1990","2016","27","0.1886","0.2032","0.1885","0.434","0.0236"
"889"," "," "," "," "," "," "," "," "," "
"890","56078400","1990","2016","27","0.0642","0.0661","0.0642","0.253","0.2021"
"891"," "," "," "," "," "," "," "," "," "
"892","56078600","1993","2016","24","0.0887","0.1397","0.0888","0.298","0.1575"
"893"," "," "," "," "," "," "," "," "," "
"894","56087700","1994","2016","23","0.001","0.2553","0.001","-0.031","0.8873"
"895"," "," "," "," "," "," "," "," "," "
"896","56091500","1990","2016","27","0.0613","0.1437","0.0613","0.248","0.2131"
"897"," "," "," "," "," "," "," "," "," "
"898","58002400","2000","2016","17","0.2011","0.2322","0.2011","0.448","0.071"
"899"," "," "," "," "," "," "," "," "," "
"900","58006200","2003","2016","14","0.0362","0.1852","0.0361","-0.19","0.5147"
"901"," "," "," "," "," "," "," "," "," "
"902","58006700","1990","2016","27","0.0081","0.1311","0.0081","0.09","0.6559"
"903"," "," "," "," "," "," "," "," "," "
"904","58008100","1990","2016","27","0.0348","0.1143","0.0348","0.187","0.3515"
"905"," "," "," "," "," "," "," "," "," "
"906","58012300","1990","2016","27","0.0787","0.0713","0.0787","0.28","0.1565"
"907"," "," "," "," "," "," "," "," "," "
"908","58013000","1993","2016","24","0.2679","0.3411","0.2679","0.518","0.0096"
"909"," "," "," "," "," "," "," "," "," "
"910","58014200","1991","2016","26","0.404","0.3826","0.4041","0.636","5e-04"
"911"," "," "," "," "," "," "," "," "," "
"912","60000600","1991","2016","26","0.0085","0.0171","0.0085","-0.092","0.6548"
"913"," "," "," "," "," "," "," "," "," "
"914","60001200","1991","2016","26","0","0.0015","0","-0.005","0.9812"
"915"," "," "," "," "," "," "," "," "," "
"916","60002700","1991","2016","26","3e-04","0.0063","3e-04","-0.018","0.932"
"917"," "," "," "," "," "," "," "," "," "
"918","60003200","1991","2016","26","0.0034","0.1967","0.0034","-0.058","0.7786"
"919"," "," "," "," "," "," "," "," "," "
"920","60014200","1991","2002","12","0.077","0.2254","0.077","0.278","0.3824"
"921"," "," "," "," "," "," "," "," "," "
"922","60018500","1998","2016","19","0.1337","0.1452","0.1337","0.366","0.1236"
"923"," "," "," "," "," "," "," "," "," "
"924","60018900","1991","2016","26","1e-04","0.1028","1e-04","0.01","0.9622"
"925"," "," "," "," "," "," "," "," "," "
"926","60020200","1990","2016","27","0.0014","0.9389","0.0015","-0.038","0.8507"
"927"," "," "," "," "," "," "," "," "," "
"928","60021700","1990","2016","27","1e-04","0.8531","1e-04","0.011","0.9551"
"929"," "," "," "," "," "," "," "," "," "
"930","60029300","1991","2016","26","0.0061","0.2321","0.0061","-0.078","0.7052"
"931"," "," "," "," "," "," "," "," "," "
"932","60030500","1990","2016","27","9e-04","0.0624","9e-04","0.03","0.8837"
"933"," "," "," "," "," "," "," "," "," "
"934","61003700","1994","2016","23","0.1526","0.2967","0.1527","0.391","0.0653"
"935"," "," "," "," "," "," "," "," "," "
"936","61006000","1994","2016","23","0.2746","0.2924","0.2746","0.524","0.0103"
"937"," "," "," "," "," "," "," "," "," "
"938","61006700","1994","2016","23","0.0063","0.0736","0.0064","0.08","0.7178"
"939"," "," "," "," "," "," "," "," "," "
"940","61007200","1990","2016","27","0.2596","0.2432","0.2596","0.51","0.0066"
"941"," "," "," "," "," "," "," "," "," "
"942","61011100","1990","2016","27","0.203","0.2068","0.203","0.451","0.0183"
"943"," "," "," "," "," "," "," "," "," "
"944","61013000","1990","2016","27","0.0225","0.0392","0.0226","0.15","0.4547"
"945"," "," "," "," "," "," "," "," "," "
"946","65000200","1990","2016","27","0.1602","0.2139","0.1602","0.4","0.0386"
"947"," "," "," "," "," "," "," "," "," "
"948","65000600","1990","2016","27","0.2064","0.2438","0.2064","0.454","0.0173"
"949"," "," "," "," "," "," "," "," "," "
"950","66003800","1990","2016","27","0.0782","0.0957","0.0782","0.28","0.1578"
"951"," "," "," "," "," "," "," "," "," "
"952","69000400","1995","2016","22","0.2378","0.2379","0.2378","0.488","0.0213"
"953"," "," "," "," "," "," "," "," "," "
"954","69002700","1990","2016","27","0.0192","0.067","0.0192","0.139","0.4904"
"955"," "," "," "," "," "," "," "," "," "
"956","69002800","1990","2016","27","0.0253","0.0308","0.0253","0.159","0.4281"
"957"," "," "," "," "," "," "," "," "," "
"958","69004100","2000","2016","17","0.2172","0.3923","0.2172","0.466","0.0593"
"959"," "," "," "," "," "," "," "," "," "
"960","69011800","1993","2016","24","0.075","0.0804","0.075","0.274","0.1954"
"961"," "," "," "," "," "," "," "," "," "
"962","69012300","1995","2016","22","0.194","0.2104","0.194","0.44","0.0402"
"963"," "," "," "," "," "," "," "," "," "
"964","69021800","1991","2016","26","0.0704","0.1006","0.0704","0.265","0.1901"
"965"," "," "," "," "," "," "," "," "," "
"966","69023100","1990","2016","27","0.0028","0.069","0.0028","0.053","0.7946"
"967"," "," "," "," "," "," "," "," "," "
"968","69023200","1995","2016","22","0.0399","0.0823","0.0399","0.2","0.3727"
"969"," "," "," "," "," "," "," "," "," "
"970","69024100","1998","2016","19","0.006","0.0756","0.006","0.077","0.7533"
"971"," "," "," "," "," "," "," "," "," "
"972","69028501","1993","2016","24","0.1067","0.3144","0.1067","-0.327","0.1192"
"973"," "," "," "," "," "," "," "," "," "
"974","69028503","1991","2016","26","0.1423","0.1761","0.1423","0.377","0.0574"
"975"," "," "," "," "," "," "," "," "," "
"976","69037800","1990","2016","27","0.0782","0.1025","0.0782","0.28","0.1577"
"977"," "," "," "," "," "," "," "," "," "
"978","69041200","1992","2005","14","0.1259","0.1357","0.1259","0.355","0.2131"
"979"," "," "," "," "," "," "," "," "," "
"980","69042400","1998","2016","19","0.032","0.1585","0.032","0.179","0.4638"
"981"," "," "," "," "," "," "," "," "," "
"982","69049500","1997","2016","20","0.0158","0.1532","0.0158","0.126","0.5978"
"983"," "," "," "," "," "," "," "," "," "
"984","69050100","1990","2016","27","0.0039","0.0154","0.0039","0.063","0.756"
"985"," "," "," "," "," "," "," "," "," "
"986","69050900","1990","2016","27","0.0449","0.1105","0.0449","0.212","0.2884"
"987"," "," "," "," "," "," "," "," "," "
"988","69052100","1995","2016","22","0.0307","0.0608","0.0307","0.175","0.4351"
"989"," "," "," "," "," "," "," "," "," "
"990","69054600","1992","2014","23","0.0434","0.0238","0.0434","0.208","0.3401"
"991"," "," "," "," "," "," "," "," "," "
"992","69056500","2001","2016","16","0.0015","2e-04","0.0015","0.038","0.8878"
"993"," "," "," "," "," "," "," "," "," "
"994","69062700","1990","2016","27","0.0448","0.0493","0.0448","0.212","0.2893"
"995"," "," "," "," "," "," "," "," "," "
"996","69065100","1991","2016","26","0.2185","0.3925","0.2184","0.467","0.0161"
"997"," "," "," "," "," "," "," "," "," "
"998","69065300","1992","2016","25","0.1671","0.1904","0.1671","0.409","0.0425"
"999"," "," "," "," "," "," "," "," "," "
"1000","69066000","1990","2016","27","0.3069","0.2863","0.3069","0.554","0.0027"
"1001"," "," "," "," "," "," "," "," "," "
"1002","69066900","1990","2016","27","0.0013","0.0284","0.0013","0.036","0.8591"
"1003"," "," "," "," "," "," "," "," "," "
"1004","69068600","1993","2016","24","0.1702","0.155","0.1703","0.413","0.0451"
"1005"," "," "," "," "," "," "," "," "," "
"1006","69070000","1990","2016","27","0.1026","0.0959","0.1026","0.32","0.1034"
"1007"," "," "," "," "," "," "," "," "," "
"1008","69073600","1990","2016","27","0.0091","0.0058","0.0091","0.095","0.6369"
"1009"," "," "," "," "," "," "," "," "," "
"1010","69079400","1997","2016","20","0.0663","0.0769","0.0663","0.258","0.2729"
"1011"," "," "," "," "," "," "," "," "," "
"1012","69079600","1990","2016","27","0.1602","0.1699","0.1602","0.4","0.0386"
"1013"," "," "," "," "," "," "," "," "," "
"1014","69084100","1990","2016","27","0.0498","0.0598","0.0498","-0.223","0.2632"
"1015"," "," "," "," "," "," "," "," "," "
"1016","69084800","1993","2016","24","0.0396","0.1013","0.0396","0.199","0.3514"
"1017"," "," "," "," "," "," "," "," "," "
"1018","69088700","1993","2016","24","0.2066","0.2128","0.2066","0.455","0.0257"
"1019"," "," "," "," "," "," "," "," "," "
"1020","69089100","1991","2016","26","0.1211","0.0988","0.1211","0.348","0.0815"
"1021"," "," "," "," "," "," "," "," "," "
"1022","69093200","1992","2016","25","0.0132","0.2156","0.0132","0.115","0.5844"
"1023"," "," "," "," "," "," "," "," "," "
"1024","69093900","1990","2016","27","0.0242","0.0322","0.0242","0.156","0.4381"
"1025"," "," "," "," "," "," "," "," "," "
"1026","70005400","1990","2016","27","0.1774","0.2069","0.1775","0.421","0.0287"
"1027"," "," "," "," "," "," "," "," "," "
"1028","70006900","2001","2016","16","0.0168","0.042","0.0168","0.13","0.6321"
"1029"," "," "," "," "," "," "," "," "," "
"1030","70007200","1990","2016","27","8e-04","0.0302","8e-04","-0.027","0.892"
"1031"," "," "," "," "," "," "," "," "," "
"1032","70009100","1994","2016","23","0.0343","0.0298","0.0343","0.185","0.3978"
"1033"," "," "," "," "," "," "," "," "," "
"1034","71014700","1990","2016","27","0.3412","0.3591","0.3413","0.584","0.0014"
"1035"," "," "," "," "," "," "," "," "," "
"1036","71015900","1993","2016","24","0.138","0.1219","0.1381","0.371","0.0739"
"1037"," "," "," "," "," "," "," "," "," "
"1038","72005000","2004","2016","13","0.0414","0.5107","0.0414","-0.203","0.5049"
"1039"," "," "," "," "," "," "," "," "," "
"1040","72009300","1997","2016","20","0.0102","0.3298","0.0102","0.101","0.6718"
"1041"," "," "," "," "," "," "," "," "," "
"1042","73000400","1993","2016","24","0.3519","0.3302","0.352","0.593","0.0022"
"1043"," "," "," "," "," "," "," "," "," "
"1044","73003700","1990","2016","27","0.0243","0.1107","0.0243","0.156","0.4378"
"1045"," "," "," "," "," "," "," "," "," "
"1046","73005500","1990","2016","27","0.0073","0.0428","0.0073","-0.085","0.6723"
"1047"," "," "," "," "," "," "," "," "," "
"1048","73006400","1996","2016","21","0.4612","0.4768","0.4612","0.679","7e-04"
"1049"," "," "," "," "," "," "," "," "," "
"1050","73007200","1999","2016","18","0.4152","0.4554","0.4153","0.644","0.0039"
"1051"," "," "," "," "," "," "," "," "," "
"1052","73008600","2001","2016","16","0.0814","0.1788","0.0814","0.285","0.2842"
"1053"," "," "," "," "," "," "," "," "," "
"1054","73009700","1999","2016","18","0.0703","0.0599","0.0703","0.265","0.2876"
"1055"," "," "," "," "," "," "," "," "," "
"1056","73010200","1994","2016","23","0.0942","0.1606","0.0942","0.307","0.1543"
"1057"," "," "," "," "," "," "," "," "," "
"1058","73010600","1990","2016","27","0.0748","0.2698","0.0748","0.274","0.1674"
"1059"," "," "," "," "," "," "," "," "," "
"1060","73011800","1998","2016","19","0.4307","0.4711","0.4307","0.656","0.0023"
"1061"," "," "," "," "," "," "," "," "," "
"1062","73012800","1998","2016","19","0.4182","0.4168","0.4183","0.647","0.0028"
"1063"," "," "," "," "," "," "," "," "," "
"1064","73014700","1999","2016","18","0.292","0.2662","0.2921","0.54","0.0206"
"1065"," "," "," "," "," "," "," "," "," "
"1066","73015000","1996","2016","21","0.2209","0.2008","0.221","0.47","0.0316"
"1067"," "," "," "," "," "," "," "," "," "
"1068","73015900","1990","2016","27","0.0233","0.042","0.0233","0.152","0.4476"
"1069"," "," "," "," "," "," "," "," "," "
"1070","73019000","1998","2016","19","0.1487","0.1331","0.1487","0.386","0.103"
"1071"," "," "," "," "," "," "," "," "," "
"1072","73019600","1990","2016","27","0.1222","0.1127","0.1224","0.35","0.0738"
"1073"," "," "," "," "," "," "," "," "," "
"1074","73020000","1990","2016","27","0.0243","0.0248","0.0243","0.156","0.4378"
"1075"," "," "," "," "," "," "," "," "," "
"1076","76007200","1995","2016","22","0.0943","0.8633","0.0944","-0.307","0.1644"
"1077"," "," "," "," "," "," "," "," "," "
"1078","77000700","1993","2016","24","0.0446","0.3772","0.0446","0.211","0.3219"
"1079"," "," "," "," "," "," "," "," "," "
"1080","77002300","1998","2016","19","0.0493","0.0773","0.0493","0.222","0.3609"
"1081"," "," "," "," "," "," "," "," "," "
"1082","77002700","1993","2016","24","0.0622","0.0689","0.0622","0.249","0.2398"
"1083"," "," "," "," "," "," "," "," "," "
"1084","77003200","2002","2016","15","0.2269","0.3669","0.2269","0.476","0.0727"
"1085"," "," "," "," "," "," "," "," "," "
"1086","77003500","1994","2005","12","0.0043","0.0703","0.0043","-0.066","0.8395"
"1087"," "," "," "," "," "," "," "," "," "
"1088","77006300","1992","2016","25","0.0761","0.1882","0.0761","0.276","0.1818"
"1089"," "," "," "," "," "," "," "," "," "
"1090","77006700","1998","2016","19","0.0324","0.0315","0.0324","0.18","0.461"
"1091"," "," "," "," "," "," "," "," "," "
"1092","77008400","1990","2016","27","0.1428","0.1994","0.1428","0.378","0.052"
"1093"," "," "," "," "," "," "," "," "," "
"1094","77008900","1990","2016","27","0.1314","0.1479","0.1314","0.363","0.0631"
"1095"," "," "," "," "," "," "," "," "," "
"1096","77010500","1998","2016","19","0.1796","0.2492","0.1796","0.424","0.0706"
"1097"," "," "," "," "," "," "," "," "," "
"1098","77014900","1996","2016","21","0.0024","0.4755","0.0024","0.049","0.8336"
"1099"," "," "," "," "," "," "," "," "," "
"1100","77015000","1991","2016","26","0.0682","0.092","0.0682","0.261","0.1976"
"1101"," "," "," "," "," "," "," "," "," "
"1102","77015400","1990","2016","27","0.022","0.4767","0.0221","0.148","0.4598"
"1103"," "," "," "," "," "," "," "," "," "
"1104","77018100","1990","2016","27","0.3175","0.3671","0.3175","0.563","0.0022"
"1105"," "," "," "," "," "," "," "," "," "
"1106","77021500","1990","2016","27","0.182","0.2033","0.182","0.427","0.0265"
"1107"," "," "," "," "," "," "," "," "," "
"1108","80000500","1990","2016","27","0.0752","0.5213","0.0752","0.274","0.1662"
"1109"," "," "," "," "," "," "," "," "," "
"1110","80003400","1997","2016","20","0.0491","0.0534","0.0491","0.222","0.3479"
"1111"," "," "," "," "," "," "," "," "," "
"1112","80003700","1999","2016","18","0.0194","0.1164","0.0194","-0.139","0.5815"
"1113"," "," "," "," "," "," "," "," "," "
"1114","80003900","1999","2016","18","0.0232","0.221","0.0232","0.152","0.546"
"1115"," "," "," "," "," "," "," "," "," "
"1116","81009500","1990","2002","13","0.068","0.0865","0.068","0.261","0.3896"
"1117"," "," "," "," "," "," "," "," "," "
"1118","82000900","1993","2016","24","9e-04","0.3025","9e-04","0.031","0.8866"
"1119"," "," "," "," "," "," "," "," "," "
"1120","82001000","1992","2016","25","0.0091","0.4494","0.0091","0.095","0.6508"
"1121"," "," "," "," "," "," "," "," "," "
"1122","82001400","1996","2016","21","0.0015","0.8823","0.0015","0.039","0.8658"
"1123"," "," "," "," "," "," "," "," "," "
"1124","82001500","1996","2016","21","2e-04","0.1504","2e-04","0.013","0.9566"
"1125"," "," "," "," "," "," "," "," "," "
"1126","82001600","1996","2016","21","0.0028","0.7582","0.0028","-0.053","0.8195"
"1127"," "," "," "," "," "," "," "," "," "
"1128","82001700","1996","2016","21","0.1029","0.1353","0.1029","0.321","0.1562"
"1129"," "," "," "," "," "," "," "," "," "
"1130","82001800","1995","2016","22","0.0079","0.0358","0.0079","0.089","0.6949"
"1131"," "," "," "," "," "," "," "," "," "
"1132","82001900","1995","2016","22","0.0382","0.551","0.0382","0.195","0.3834"
"1133"," "," "," "," "," "," "," "," "," "
"1134","82002000","1996","2016","21","0.1012","0.0964","0.1012","0.318","0.1599"
"1135"," "," "," "," "," "," "," "," "," "
"1136","82002100","1996","2016","21","0.0539","0.5428","0.0539","0.232","0.3112"
"1137"," "," "," "," "," "," "," "," "," "
"1138","82002300","1996","2016","21","0.0024","0.0083","0.0024","-0.049","0.8322"
"1139"," "," "," "," "," "," "," "," "," "
"1140","82002500","1996","2016","21","2e-04","0.886","2e-04","-0.014","0.9508"
"1141"," "," "," "," "," "," "," "," "," "
"1142","82002800","1997","2016","20","0.007","0.5927","0.007","0.084","0.7256"
"1143"," "," "," "," "," "," "," "," "," "
"1144","82003000","1995","2016","22","0.0492","0.0851","0.0492","0.222","0.3211"
"1145"," "," "," "," "," "," "," "," "," "
"1146","82003100","1999","2016","18","0.0421","0.5092","0.0421","0.205","0.4138"
"1147"," "," "," "," "," "," "," "," "," "
"1148","82003500","1995","2016","22","0.0128","0.1204","0.0128","0.113","0.6163"
"1149"," "," "," "," "," "," "," "," "," "
"1150","82003600","1995","2016","22","0.0196","0.1379","0.0196","0.14","0.5347"
"1151"," "," "," "," "," "," "," "," "," "
"1152","82004200","1998","2016","19","0.0013","0.6751","0.0013","0.036","0.8838"
"1153"," "," "," "," "," "," "," "," "," "
"1154","82004400","1995","2016","22","0.0068","0.1662","0.0068","0.082","0.7158"
"1155"," "," "," "," "," "," "," "," "," "
"1156","82004600","1993","2016","24","0.001","0.0871","0.001","-0.031","0.886"
"1157"," "," "," "," "," "," "," "," "," "
"1158","82004800","1996","2016","21","2e-04","0.1699","2e-04","-0.016","0.9464"
"1159"," "," "," "," "," "," "," "," "," "
"1160","82004900","1995","2016","22","0.0105","0.0291","0.0105","0.102","0.6506"
"1161"," "," "," "," "," "," "," "," "," "
"1162","82005200","1991","2016","26","0.0972","0.3234","0.0971","0.312","0.121"
"1163"," "," "," "," "," "," "," "," "," "
"1164","82005400","1994","2016","23","0.0399","0.0615","0.0399","0.2","0.3608"
"1165"," "," "," "," "," "," "," "," "," "
"1166","82005900","1993","2016","24","0.0136","0.7495","0.0136","0.117","0.5875"
"1167"," "," "," "," "," "," "," "," "," "
"1168","82006400","1998","2016","19","0.0078","0.2279","0.0078","0.088","0.7192"
"1169"," "," "," "," "," "," "," "," "," "
"1170","82006500","1998","2016","19","0.0265","0.0365","0.0265","0.163","0.5054"
"1171"," "," "," "," "," "," "," "," "," "
"1172","82006700","1996","2016","21","0.0049","0.2239","0.0049","-0.07","0.7641"
"1173"," "," "," "," "," "," "," "," "," "
"1174","82006800","1998","2016","19","0.0394","0.6126","0.0393","0.198","0.4153"
"1175"," "," "," "," "," "," "," "," "," "
"1176","82007200","1998","2016","19","0.0154","0.8106","0.0154","0.124","0.6128"
"1177"," "," "," "," "," "," "," "," "," "
"1178","82007400","1990","2016","27","0.0051","0.8162","0.0051","0.072","0.7226"
"1179"," "," "," "," "," "," "," "," "," "
"1180","82007600","1997","2016","20","0.0056","0.3237","0.0056","0.075","0.7547"
"1181"," "," "," "," "," "," "," "," "," "
"1182","82007700","1998","2016","19","0.0092","0.4976","0.0092","0.096","0.6962"
"1183"," "," "," "," "," "," "," "," "," "
"1184","82008000","1990","2016","27","0.0014","0.0272","0.0013","0.037","0.8555"
"1185"," "," "," "," "," "," "," "," "," "
"1186","82008700","1999","2016","18","0.0325","0.0751","0.0325","-0.18","0.474"
"1187"," "," "," "," "," "," "," "," "," "
"1188","82008900","1999","2016","18","0.1794","0.2078","0.1793","0.424","0.0798"
"1189"," "," "," "," "," "," "," "," "," "
"1190","82009000","1999","2016","18","0.2112","0.4086","0.2112","0.46","0.055"
"1191"," "," "," "," "," "," "," "," "," "
"1192","82009100","1990","2016","27","0.2134","0.4799","0.2134","0.462","0.0153"
"1193"," "," "," "," "," "," "," "," "," "
"1194","82009200","1999","2016","18","0.0358","0.5106","0.0358","0.189","0.452"
"1195"," "," "," "," "," "," "," "," "," "
"1196","82009300","2003","2016","14","0.001","0.0798","0.001","0.031","0.9149"
"1197"," "," "," "," "," "," "," "," "," "
"1198","82009400","1999","2016","18","0.2948","0.4088","0.2948","0.543","0.0199"
"1199"," "," "," "," "," "," "," "," "," "
"1200","82010400","1990","2016","27","0.0164","0.4106","0.0164","0.128","0.5246"
"1201"," "," "," "," "," "," "," "," "," "
"1202","82010600","1990","2016","27","0.0272","0.3611","0.0271","0.165","0.4114"
"1203"," "," "," "," "," "," "," "," "," "
"1204","82010700","1999","2016","18","0.0316","0.91","0.0316","0.178","0.4805"
"1205"," "," "," "," "," "," "," "," "," "
"1206","82010900","1990","2008","19","0.1041","0.5005","0.104","0.323","0.1779"
"1207"," "," "," "," "," "," "," "," "," "
"1208","82011000","1990","2016","27","0.0238","0.7773","0.0238","-0.154","0.4423"
"1209"," "," "," "," "," "," "," "," "," "
"1210","82011500","1990","2016","27","0.0371","0.0473","0.0371","0.193","0.3356"
"1211"," "," "," "," "," "," "," "," "," "
"1212","82011602","1999","2016","18","0.3881","0.4087","0.3881","0.623","0.0058"
"1213"," "," "," "," "," "," "," "," "," "
"1214","82011800","1990","2016","27","0.0532","0.2454","0.0532","0.231","0.2469"
"1215"," "," "," "," "," "," "," "," "," "
"1216","82012000","1997","2016","20","0.0815","0.1842","0.0813","0.285","0.2226"
"1217"," "," "," "," "," "," "," "," "," "
"1218","82012100","1998","2016","19","0.0574","0.5291","0.0572","0.24","0.3232"
"1219"," "," "," "," "," "," "," "," "," "
"1220","82012200","1998","2016","19","0.0328","0.1451","0.0328","0.181","0.4578"
"1221"," "," "," "," "," "," "," "," "," "
"1222","82012300","1997","2016","20","0.0057","0.9257","0.0057","0.076","0.7511"
"1223"," "," "," "," "," "," "," "," "," "
"1224","82012500","1997","2016","20","0.0206","0.699","0.0206","0.144","0.5457"
"1225"," "," "," "," "," "," "," "," "," "
"1226","82012600","1996","2016","21","0.0202","0.5962","0.0201","0.142","0.5389"
"1227"," "," "," "," "," "," "," "," "," "
"1228","82012800","1998","2016","19","0.037","0.7081","0.037","0.192","0.4302"
"1229"," "," "," "," "," "," "," "," "," "
"1230","82013200","1996","2016","21","0.0036","0.6695","0.0035","-0.06","0.7973"
"1231"," "," "," "," "," "," "," "," "," "
"1232","82013300","1993","2016","24","0.1291","0.3817","0.1291","0.359","0.0846"
"1233"," "," "," "," "," "," "," "," "," "
"1234","82013600","1998","2016","19","0.0282","0.3637","0.0282","0.168","0.4918"
"1235"," "," "," "," "," "," "," "," "," "
"1236","82013700","1999","2016","18","0.2276","0.2345","0.2276","0.477","0.0453"
"1237"," "," "," "," "," "," "," "," "," "
"1238","82013800","1998","2016","19","0.1129","0.1245","0.1128","0.336","0.1595"
"1239"," "," "," "," "," "," "," "," "," "
"1240","82014000","1990","2016","27","8e-04","0.3999","8e-04","0.028","0.8899"
"1241"," "," "," "," "," "," "," "," "," "
"1242","82014600","1998","2016","19","0.022","0.6738","0.022","0.148","0.5448"
"1243"," "," "," "," "," "," "," "," "," "
"1244","82014700","1997","2011","15","0.1109","0.2488","0.1109","0.333","0.2251"
"1245"," "," "," "," "," "," "," "," "," "
"1246","82014800","1998","2016","19","0.0024","0.9506","0.0024","0.049","0.8406"
"1247"," "," "," "," "," "," "," "," "," "
"1248","82015100","1995","2016","22","0.0029","0.8237","0.0029","-0.053","0.8131"
"1249"," "," "," "," "," "," "," "," "," "
"1250","82015300","1992","2016","25","0.0179","0.7632","0.0179","0.134","0.5238"
"1251"," "," "," "," "," "," "," "," "," "
"1252","82015500","1998","2016","19","0.015","0.8482","0.0149","0.122","0.618"
"1253"," "," "," "," "," "," "," "," "," "
"1254","82015900","1990","2016","27","0.087","0.0867","0.0871","0.295","0.1352"
"1255"," "," "," "," "," "," "," "," "," "
"1256","82016200","1996","2010","15","0.0312","0.0561","0.0312","0.177","0.5288"
"1257"," "," "," "," "," "," "," "," "," "
"1258","82016600","1990","2016","27","0.0376","0.103","0.0376","0.194","0.3323"
"1259"," "," "," "," "," "," "," "," "," "
"1260","82030500","1997","2016","20","0.1209","0.2319","0.121","0.348","0.1331"
"1261"," "," "," "," "," "," "," "," "," "
"1262","82031600","2000","2016","17","0.0037","0.0122","0.0037","0.061","0.8154"
"1263"," "," "," "," "," "," "," "," "," "
"1264","82031800","1997","2016","20","0.1441","0.6109","0.1439","0.38","0.0988"
"1265"," "," "," "," "," "," "," "," "," "
"1266","82033400","1995","2016","22","0.0057","0.6205","0.0058","0.076","0.7378"
"1267"," "," "," "," "," "," "," "," "," "
"1268","82034900","1998","2016","19","0.06","0.526","0.0599","0.245","0.3123"
"1269"," "," "," "," "," "," "," "," "," "
"1270","82036800","2002","2016","15","0.0599","0.0883","0.06","0.245","0.3793"
"1271"," "," "," "," "," "," "," "," "," "
"1272","82045600","1999","2016","18","0.0226","0.2807","0.0225","0.15","0.5517"
"1273"," "," "," "," "," "," "," "," "," "
"1274","83002100","1991","2016","26","0.1105","0.2784","0.1105","0.332","0.0971"
"1275"," "," "," "," "," "," "," "," "," "
"1276","83003600","2000","2016","17","0.0688","0.1009","0.0688","0.262","0.3092"
"1277"," "," "," "," "," "," "," "," "," "
"1278","83004000","1990","2016","27","0.0207","0.0611","0.0207","0.144","0.4741"
"1279"," "," "," "," "," "," "," "," "," "
"1280","83004300","1990","2016","27","0.0246","0.0419","0.0247","0.157","0.4348"
"1281"," "," "," "," "," "," "," "," "," "
"1282","86001100","1990","2016","27","0.0028","0.8069","0.0028","-0.053","0.7943"
"1283"," "," "," "," "," "," "," "," "," "
"1284","86002300","1990","2016","27","0.0212","0.7117","0.0212","-0.146","0.4688"
"1285"," "," "," "," "," "," "," "," "," "
"1286","86005300","1990","2016","27","0.0016","0.8153","0.0016","-0.04","0.842"
"1287"," "," "," "," "," "," "," "," "," "
"1288","86006600","1993","2016","24","0.0046","0.0686","0.0045","-0.067","0.7541"
"1289"," "," "," "," "," "," "," "," "," "
"1290","86009000","1990","2009","20","0.0015","0.0315","0.0015","-0.039","0.8692"
"1291"," "," "," "," "," "," "," "," "," "
"1292","86013400","1990","2016","27","5e-04","0.6787","5e-04","0.023","0.9105"
"1293"," "," "," "," "," "," "," "," "," "
"1294","86014600","1995","2016","22","0.0959","0.3054","0.0959","0.31","0.1608"
"1295"," "," "," "," "," "," "," "," "," "
"1296","86019300","1997","2016","20","0.0091","0.133","0.0091","0.095","0.6888"
"1297"," "," "," "," "," "," "," "," "," "
"1298","86021700","2002","2016","15","0.3686","0.3818","0.3687","0.607","0.0164"
"1299"," "," "," "," "," "," "," "," "," "
"1300","86022300","1990","2016","27","1e-04","0.5297","1e-04","-0.012","0.9529"
"1301"," "," "," "," "," "," "," "," "," "
"1302","86023000","1991","2016","26","0.0018","0.0315","0.0018","-0.042","0.8371"
"1303"," "," "," "," "," "," "," "," "," "
"1304","86023300","1999","2016","18","0.0651","0.0721","0.0651","0.255","0.307"
"1305"," "," "," "," "," "," "," "," "," "
"1306","86023400","1999","2016","18","0.2132","0.1977","0.2132","0.462","0.0538"
"1307"," "," "," "," "," "," "," "," "," "
"1308","86028900","1990","2016","27","0.2012","0.2037","0.2011","0.449","0.0189"
"1309"," "," "," "," "," "," "," "," "," "
"1310","86029300","1997","2016","20","0.0626","0.0707","0.0626","0.25","0.2875"
"1311"," "," "," "," "," "," "," "," "," "
